,id,lat,lon,slno,closest_coords
0,0,37.22056336,-80.42448931,0,['GH010041.MP4-moviepy-20240508_115522/frame_1686338244_37.2205397_-80.4244841.jpg']
1,1,37.23074385,-80.41881692,1,[None]
2,2,37.22916106,-80.42940557,2,[None]
3,3,37.22822859,-80.41659351,3,[None]
4,4,37.2300629,-80.41841642,4,['GH030041.MP4-moviepy-20240508_123536/frame_1686339109_37.2299431_-80.4182916.jpg']
5,5,37.22832432,-80.41720272,5,[None]
6,6,37.22374757,-80.41744584,6,[None]
7,7,37.22992451,-80.42286525,7,[None]
8,8,37.23306144,-80.42383423,8,[None]
9,9,37.22736305,-80.41884247,9,['GH100041.MP4-moviepy-20240508_144629/frame_1686342615_37.2273811_-80.418872.jpg']
10,10,37.23097108,-80.42184451,10,['GH040042.MP4-moviepy-20240508_130828/frame_1686345562_37.2310154_-80.421943.jpg']
11,11,37.23028659,-80.42127766,11,['GH020042.MP4-moviepy-20240508_122528/frame_1686344512_37.2302766_-80.4210994.jpg']
12,12,37.22697843,-80.41924957,12,['GH020041.MP4-moviepy-20240508_121516/frame_1686338654_37.2271532_-80.419266.jpg']
13,13,37.22910295,-80.42015586,13,['GH010042.MP4-moviepy-20240508_120507/frame_1686344185_37.2291193_-80.4201337.jpg']
14,14,37.22071148,-80.42170319,14,[None]
15,15,37.22084885,-80.41843108,15,[None]
16,16,37.22393592,-80.43878219,16,[None]
17,17,37.22547621,-80.42323881,17,['GH090041.MP4-moviepy-20240508_143554/frame_1686342366_37.2255149_-80.4232753.jpg']
18,18,37.2293709,-80.42295384,18,['GH040042.MP4-moviepy-20240508_130828/frame_1686345637_37.2293205_-80.4229034.jpg']
19,19,37.21441451,-80.42399346,19,[None]
20,20,37.22563572,-80.42403285,20,[None]
21,21,37.22795453,-80.41939128,21,[None]
22,22,37.22575955,-80.42084915,22,[None]
23,23,37.22397144,-80.41991494,23,[None]
24,24,37.22579981,-80.41825573,24,['GH100041.MP4-moviepy-20240508_144629/frame_1686342756_37.2257964_-80.4182554.jpg']
25,25,37.22417948,-80.42021543,25,[None]
26,26,37.23019505,-80.4218293,26,[None]
27,27,37.22998732,-80.4235284,27,['GH030042.MP4-moviepy-20240508_124630/frame_1686345045_37.230013_-80.4235467.jpg']
28,28,37.22500202,-80.4237287,28,['GH090041.MP4-moviepy-20240508_143554/frame_1686342344_37.2251034_-80.4237463.jpg']
29,29,37.19917996,-80.40824596,29,[None]
30,30,37.22185807,-80.42331024,30,['GH110041.MP4-moviepy-20240508_145708/frame_1686343365_37.2218595_-80.4231695.jpg']
31,31,37.22916254,-80.42587782,31,[None]
32,32,37.22927132,-80.41789569,32,['GH030041.MP4-moviepy-20240508_123536/frame_1686338988_37.2291422_-80.417784.jpg']
33,33,37.22392404,-80.42995278,33,['GH060042.MP4-moviepy-20240508_135052/frame_1686346903_37.2239164_-80.4299608.jpg']
34,34,37.23181942,-80.42279172,34,['GH040042.MP4-moviepy-20240508_130828/frame_1686345516_37.2317908_-80.4227596.jpg']
35,35,37.22313184,-80.4252171,35,['GH010041.MP4-moviepy-20240508_115522/frame_1686337937_37.2231193_-80.4253657.jpg']
36,36,37.22794145,-80.4181013,36,['GH020041.MP4-moviepy-20240508_121516/frame_1686338744_37.2280191_-80.4179806.jpg']
37,37,37.22655153,-80.41956401,37,[None]
38,38,37.22298389,-80.42368503,38,['GH080041.MP4-moviepy-20240508_142229/frame_1686342023_37.2229918_-80.4236769.jpg']
39,39,37.22478376,-80.43685525,39,[None]
40,40,37.23010528,-80.42233229,40,['GH040042.MP4-moviepy-20240508_130828/frame_1686345599_37.2301427_-80.422431.jpg']
41,41,37.228413,-80.42518332,41,['GH020042.MP4-moviepy-20240508_122528/frame_1686344782_37.2283991_-80.4251715.jpg']
42,42,37.23153143,-80.42354096,42,[None]
43,43,37.22666489,-80.42523788,43,['GH110041.MP4-moviepy-20240508_145708/frame_1686343557_37.2265957_-80.425191.jpg']
44,44,37.22352922,-80.42256274,44,['GH090041.MP4-moviepy-20240508_143554/frame_1686342087_37.2235527_-80.4225709.jpg']
45,45,37.23183259,-80.42603411,45,['GH040041.MP4-moviepy-20240508_125731/frame_1686339671_37.2318361_-80.4260294.jpg']
46,46,37.21944615,-80.41305126,46,[None]
47,47,37.22377469,-80.4207625,47,['GH080041.MP4-moviepy-20240508_142229/frame_1686341674_37.2237533_-80.4207686.jpg']
48,48,37.23040942,-80.41633419,48,[None]
49,49,37.22637027,-80.4174412,49,[None]
50,50,37.22988575,-80.43052597,50,['GH050041.MP4-moviepy-20240508_131929/frame_1686340006_37.2299132_-80.4305093.jpg']
51,51,37.22285651,-80.42071696,51,[None]
52,52,37.23016415,-80.42312439,52,['GH030042.MP4-moviepy-20240508_124630/frame_1686345057_37.2302184_-80.4232126.jpg']
53,53,37.23034509,-80.42138714,53,[None]
54,54,37.2208059,-80.42284452,54,['GH010041.MP4-moviepy-20240508_115522/frame_1686338286_37.22079_-80.4228516.jpg']
55,55,37.22168357,-80.42578369,55,['GH070042.MP4-moviepy-20240508_141202/frame_1686347179_37.2216713_-80.4257824.jpg']
56,56,37.22608565,-80.42012977,56,[None]
57,57,37.22860895,-80.41699844,57,['GH020041.MP4-moviepy-20240508_121516/frame_1686338831_37.2286203_-80.4169506.jpg']
58,58,37.22211606,-80.42375725,58,[None]
59,59,37.23088291,-80.42127336,59,['GH040041.MP4-moviepy-20240508_125731/frame_1686339427_37.2308012_-80.4213892.jpg']
60,60,37.22964967,-80.41678679,60,[None]
61,61,37.22518173,-80.42255443,61,['GH080041.MP4-moviepy-20240508_142229/frame_1686341895_37.2251127_-80.4226696.jpg']
62,62,37.22275813,-80.42575947,62,['GH070042.MP4-moviepy-20240508_141202/frame_1686347075_37.2227841_-80.4257723.jpg']
63,63,37.2284776,-80.42227878,63,[None]
64,64,37.22248507,-80.42027192,64,['GH020041.MP4-moviepy-20240508_121516/frame_1686338373_37.2225045_-80.4202986.jpg']
65,65,37.22928613,-80.42600916,65,[None]
66,66,37.2192465,-80.42405444,66,[None]
67,67,37.22049976,-80.42491362,67,['GH010041.MP4-moviepy-20240508_115522/frame_1686338233_37.2204775_-80.4249007.jpg']
68,68,37.23155999,-80.41776709,68,[None]
69,69,37.23044409,-80.42075191,69,['GH010042.MP4-moviepy-20240508_120507/frame_1686344232_37.2304453_-80.4207629.jpg']
70,70,37.22922588,-80.41767553,70,['GH030041.MP4-moviepy-20240508_123536/frame_1686338984_37.2292177_-80.417661.jpg']
71,71,37.22996429,-80.42564964,71,[None]
72,72,37.22596713,-80.41903192,72,['GH100041.MP4-moviepy-20240508_144629/frame_1686342712_37.2260193_-80.4188592.jpg']
73,73,37.21744312,-80.41920288,73,['GH070041.MP4-moviepy-20240508_140126/frame_1686341110_37.2174598_-80.4191196.jpg']
74,74,37.23073526,-80.42232293,74,['GH040042.MP4-moviepy-20240508_130828/frame_1686345575_37.2307403_-80.4223298.jpg']
75,75,37.22577676,-80.422522,75,[None]
76,76,37.23058692,-80.4245976,76,['GH040042.MP4-moviepy-20240508_130828/frame_1686345453_37.2306227_-80.4246367.jpg']
77,77,37.22928433,-80.42299885,77,['GH040042.MP4-moviepy-20240508_130828/frame_1686345640_37.2292666_-80.4229776.jpg']
78,78,37.2298661,-80.41844768,78,['GH030041.MP4-moviepy-20240508_123536/frame_1686339105_37.2298489_-80.4184249.jpg']
79,79,37.21463277,-80.41928385,79,[None]
80,80,37.22552854,-80.4195662,80,['GH100041.MP4-moviepy-20240508_144629/frame_1686343069_37.2254816_-80.4195048.jpg']
81,81,37.22274083,-80.42358214,81,['GH110041.MP4-moviepy-20240508_145708/frame_1686343432_37.2227472_-80.4235447.jpg']
82,82,37.22406163,-80.42586339,82,[None]
83,83,37.23106592,-80.41869107,83,[None]
84,84,37.22111832,-80.42306632,84,[None]
85,85,37.22622511,-80.42202783,85,['GH010042.MP4-moviepy-20240508_120507/frame_1686343867_37.2262361_-80.4220337.jpg']
86,86,37.22542227,-80.41796951,86,['GH100041.MP4-moviepy-20240508_144629/frame_1686342831_37.2255395_-80.4179052.jpg']
87,87,37.23140554,-80.42084232,87,[None]
88,88,37.22811868,-80.41780939,88,['GH020041.MP4-moviepy-20240508_121516/frame_1686338745_37.2280345_-80.417989.jpg']
89,89,37.22186466,-80.42425024,89,[None]
90,90,37.22531868,-80.4200394,90,[None]
91,91,37.22696651,-80.41771487,91,[None]
92,92,37.22164128,-80.41961016,92,['GH080041.MP4-moviepy-20240508_142229/frame_1686341596_37.2216996_-80.4194596.jpg']
93,93,37.22809108,-80.41642715,93,[None]
94,94,37.22421551,-80.43616475,94,['GH060042.MP4-moviepy-20240508_135052/frame_1686346674_37.2242307_-80.436194.jpg']
95,95,37.223865,-80.41958404,95,[None]
96,96,37.22541139,-80.41795283,96,['GH100041.MP4-moviepy-20240508_144629/frame_1686342830_37.2255253_-80.4178738.jpg']
97,97,37.22482194,-80.41832733,97,['GH100041.MP4-moviepy-20240508_144629/frame_1686342923_37.2249108_-80.4184698.jpg']
98,98,37.22592302,-80.41849827,98,['GH100041.MP4-moviepy-20240508_144629/frame_1686342728_37.2259017_-80.4184787.jpg']
99,99,37.23107067,-80.42067941,99,['GH010042.MP4-moviepy-20240508_120507/frame_1686344246_37.2309225_-80.4206531.jpg']
100,100,37.22370214,-80.41780794,100,[None]
101,101,37.22379991,-80.42469288,101,['GH080042.MP4-moviepy-20240508_143302/frame_1686347632_37.2236232_-80.424653.jpg']
102,102,37.22375027,-80.42936238,102,['GH050041.MP4-moviepy-20240508_131929/frame_1686340394_37.2237545_-80.4293742.jpg']
103,103,37.23060315,-80.42462775,103,['GH040042.MP4-moviepy-20240508_130828/frame_1686345453_37.230618_-80.4246435.jpg']
104,104,37.22529383,-80.43726994,104,['GH060042.MP4-moviepy-20240508_135052/frame_1686346518_37.2253387_-80.4372121.jpg']
105,105,37.22792623,-80.41813364,105,['GH020041.MP4-moviepy-20240508_121516/frame_1686338744_37.2280191_-80.4179806.jpg']
106,106,37.2310529,-80.42477734,106,[None]
107,107,37.22168122,-80.41949051,107,['GH080041.MP4-moviepy-20240508_142229/frame_1686341596_37.2216996_-80.4194596.jpg']
108,108,37.21745715,-80.43456227,108,[None]
109,109,37.22394406,-80.42342878,109,['GH090041.MP4-moviepy-20240508_143554/frame_1686342203_37.2238444_-80.4233365.jpg']
110,110,37.22492258,-80.43865131,110,['GH060042.MP4-moviepy-20240508_135052/frame_1686346581_37.2249379_-80.4386663.jpg']
111,111,37.2186597,-80.42474147,111,[None]
112,112,37.224202,-80.41916822,112,[None]
113,113,37.22807203,-80.41787961,113,['GH020041.MP4-moviepy-20240508_121516/frame_1686338744_37.2280096_-80.4179672.jpg']
114,114,37.21882376,-80.42467347,114,[None]
115,115,37.22552769,-80.42252352,115,[None]
116,116,37.22201587,-80.42245616,116,['GH110041.MP4-moviepy-20240508_145708/frame_1686343341_37.221868_-80.4223705.jpg']
117,117,37.22404791,-80.42277866,117,['GH090041.MP4-moviepy-20240508_143554/frame_1686342186_37.2240547_-80.4227814.jpg']
118,118,37.22638528,-80.42161266,118,['GH010042.MP4-moviepy-20240508_120507/frame_1686343877_37.2264517_-80.421689.jpg']
119,119,37.23122124,-80.42545875,119,[None]
120,120,37.22581454,-80.41939926,120,['GH100041.MP4-moviepy-20240508_144629/frame_1686343079_37.225815_-80.4193996.jpg']
121,121,37.22295383,-80.42204555,121,['GH110041.MP4-moviepy-20240508_145708/frame_1686343249_37.2230272_-80.4219606.jpg']
122,122,37.2310569,-80.4292842,122,['GH040041.MP4-moviepy-20240508_125731/frame_1686339837_37.2312211_-80.4293755.jpg']
123,123,37.23024155,-80.41720893,123,[None]
124,124,37.22325665,-80.42276669,124,['GH080041.MP4-moviepy-20240508_142229/frame_1686342067_37.223196_-80.4225978.jpg']
125,125,37.22660052,-80.42878418,125,[None]
126,126,37.22685617,-80.41696355,126,['GH020041.MP4-moviepy-20240508_121516/frame_1686338575_37.2268633_-80.4169584.jpg']
127,127,37.22949057,-80.42767157,127,[None]
128,128,37.22085144,-80.41732592,128,[None]
129,129,37.22319623,-80.42971092,129,[None]
130,130,37.22490853,-80.43939491,130,[None]
131,131,37.22769419,-80.43841723,131,['GH050042.MP4-moviepy-20240508_133005/frame_1686346357_37.2276138_-80.4383893.jpg']
132,132,37.22856652,-80.41654747,132,['GH020041.MP4-moviepy-20240508_121516/frame_1686338842_37.2286391_-80.4165954.jpg']
133,133,37.22877971,-80.42075963,133,['GH010042.MP4-moviepy-20240508_120507/frame_1686344116_37.228751_-80.4207971.jpg']
134,134,37.22892912,-80.41514542,134,[None]
135,135,37.22520449,-80.41810456,135,['GH100041.MP4-moviepy-20240508_144629/frame_1686342854_37.2251975_-80.4181183.jpg']
136,136,37.22406672,-80.42189234,136,['GH090041.MP4-moviepy-20240508_143554/frame_1686342163_37.2240806_-80.421922.jpg']
137,137,37.22418225,-80.42227317,137,['GH090041.MP4-moviepy-20240508_143554/frame_1686342152_37.2241232_-80.4222657.jpg']
138,138,37.22250117,-80.41952657,138,[None]
139,139,37.21874918,-80.41913704,139,['GH070041.MP4-moviepy-20240508_140126/frame_1686341394_37.2187842_-80.4191081.jpg']
140,140,37.23255161,-80.41808085,140,[None]
141,141,37.22588036,-80.42456954,141,['GH110041.MP4-moviepy-20240508_145708/frame_1686343589_37.2258878_-80.4245515.jpg']
142,142,37.22853621,-80.41680824,142,['GH020041.MP4-moviepy-20240508_121516/frame_1686338836_37.2285446_-80.4168111.jpg']
143,143,37.22452294,-80.43761183,143,['GH060042.MP4-moviepy-20240508_135052/frame_1686346626_37.2244955_-80.4376343.jpg']
144,144,37.22966623,-80.42826357,144,['GH050041.MP4-moviepy-20240508_131929/frame_1686340084_37.2296738_-80.4282509.jpg']
145,145,37.21861623,-80.42474927,145,[None]
146,146,37.23004086,-80.42243322,146,['GH040042.MP4-moviepy-20240508_130828/frame_1686345601_37.2300804_-80.4224835.jpg']
147,147,37.21893735,-80.42675881,147,[None]
148,148,37.23036627,-80.41629338,148,[None]
149,149,37.22828091,-80.41937328,149,[None]
150,150,37.22178746,-80.42641089,150,['GH070042.MP4-moviepy-20240508_141202/frame_1686347317_37.2218003_-80.4263944.jpg']
151,151,37.23280973,-80.42311444,151,[None]
152,152,37.22717602,-80.4190356,152,['GH020041.MP4-moviepy-20240508_121516/frame_1686338647_37.2272072_-80.4190061.jpg']
153,153,37.21870519,-80.41529457,153,['GH070041.MP4-moviepy-20240508_140126/frame_1686341262_37.2185775_-80.4153976.jpg']
154,154,37.22906676,-80.42692844,154,[None]
155,155,37.23252699,-80.42271687,155,[None]
156,156,37.22144161,-80.42208996,156,['GH110041.MP4-moviepy-20240508_145708/frame_1686343326_37.2215912_-80.4220188.jpg']
157,157,37.23074629,-80.43555092,157,[None]
158,158,37.22533951,-80.42211416,158,[None]
159,159,37.22835929,-80.42574647,159,['GH020042.MP4-moviepy-20240508_122528/frame_1686344819_37.228363_-80.4257526.jpg']
160,160,37.22967812,-80.41663322,160,[None]
161,161,37.23056753,-80.42133255,161,['GH040041.MP4-moviepy-20240508_125731/frame_1686339422_37.2306398_-80.4212309.jpg']
162,162,37.22925509,-80.427558,162,[None]
163,163,37.22694899,-80.42468005,163,['GH110041.MP4-moviepy-20240508_145708/frame_1686343651_37.2269748_-80.424573.jpg']
164,164,37.22764457,-80.41739087,164,['GH020041.MP4-moviepy-20240508_121516/frame_1686338597_37.2274989_-80.4175194.jpg']
165,165,37.23206842,-80.41922595,165,[None]
166,166,37.220401,-80.42659982,166,['GH060041.MP4-moviepy-20240508_134034/frame_1686340537_37.2203946_-80.4266035.jpg']
167,167,37.22167481,-80.42172613,167,['GH110041.MP4-moviepy-20240508_145708/frame_1686343318_37.2217268_-80.4217688.jpg']
168,168,37.21842076,-80.42509335,168,['GH060041.MP4-moviepy-20240508_134034/frame_1686340616_37.2183874_-80.4251657.jpg']
169,169,37.22502077,-80.42319323,169,['GH080041.MP4-moviepy-20240508_142229/frame_1686341899_37.2249751_-80.423094.jpg']
170,170,37.2288717,-80.42063281,170,['GH010042.MP4-moviepy-20240508_120507/frame_1686344116_37.228751_-80.4207971.jpg']
171,171,37.23038651,-80.41685506,171,[None]
172,172,37.2218946,-80.42388533,172,[None]
173,173,37.23186708,-80.42016145,173,[None]
174,174,37.23317124,-80.4251421,174,['GH040041.MP4-moviepy-20240508_125731/frame_1686339554_37.2331127_-80.4251645.jpg']
175,175,37.23035248,-80.43077594,175,['GH050041.MP4-moviepy-20240508_131929/frame_1686339987_37.2303273_-80.4309323.jpg']
176,176,37.22719833,-80.43815349,176,['GH050042.MP4-moviepy-20240508_133005/frame_1686346426_37.227124_-80.4381578.jpg']
177,177,37.22674123,-80.41775887,177,['GH100041.MP4-moviepy-20240508_144629/frame_1686342665_37.226737_-80.4177608.jpg']
178,178,37.2273121,-80.42566012,178,['GH020042.MP4-moviepy-20240508_122528/frame_1686344671_37.2273736_-80.4255972.jpg']
179,179,37.2243116,-80.42167451,179,['GH080041.MP4-moviepy-20240508_142229/frame_1686341719_37.2242699_-80.4217312.jpg']
180,180,37.22627537,-80.41904232,180,[None]
181,181,37.22579257,-80.43755862,181,['GH060042.MP4-moviepy-20240508_135052/frame_1686346498_37.2258194_-80.4374682.jpg']
182,182,37.22389444,-80.42150866,182,['GH110041.MP4-moviepy-20240508_145708/frame_1686343219_37.2238523_-80.4213999.jpg']
183,183,37.22947927,-80.42808187,183,['GH050041.MP4-moviepy-20240508_131929/frame_1686340092_37.2294831_-80.4280735.jpg']
184,184,37.22646065,-80.41980026,184,[None]
185,185,37.22747798,-80.42456059,185,['GH110041.MP4-moviepy-20240508_145708/frame_1686343669_37.2273761_-80.424408.jpg']
186,186,37.2301901,-80.42071678,186,['GH010042.MP4-moviepy-20240508_120507/frame_1686344229_37.2302464_-80.4208571.jpg']
187,187,37.21989205,-80.42764318,187,['GH010041.MP4-moviepy-20240508_115522/frame_1686338142_37.2198884_-80.4276398.jpg']
188,188,37.22437507,-80.42072936,188,['GH110041.MP4-moviepy-20240508_145708/frame_1686343190_37.2245026_-80.4208247.jpg']
189,189,37.22262328,-80.42008886,189,['GH080041.MP4-moviepy-20240508_142229/frame_1686341627_37.2226319_-80.4200673.jpg']
190,190,37.23133961,-80.42413934,190,['GH030042.MP4-moviepy-20240508_124630/frame_1686345201_37.2313456_-80.4241282.jpg']
191,191,37.22549552,-80.41905206,191,[None]
192,192,37.21747542,-80.41522483,192,['GH070041.MP4-moviepy-20240508_140126/frame_1686341221_37.2174607_-80.4151027.jpg']
193,193,37.21937317,-80.42112858,193,[None]
194,194,37.21942187,-80.41939845,194,['GH070041.MP4-moviepy-20240508_140126/frame_1686341416_37.2194242_-80.4194037.jpg']
195,195,37.23060169,-80.42493385,195,['GH030042.MP4-moviepy-20240508_124630/frame_1686345256_37.2305173_-80.4248286.jpg']
196,196,37.23101508,-80.4206027,196,['GH010042.MP4-moviepy-20240508_120507/frame_1686344246_37.2309227_-80.4206484.jpg']
197,197,37.21869827,-80.41926361,197,['GH070041.MP4-moviepy-20240508_140126/frame_1686341396_37.2188103_-80.4191515.jpg']
198,198,37.22359791,-80.42135569,198,['GH110041.MP4-moviepy-20240508_145708/frame_1686343225_37.2236952_-80.4214983.jpg']
199,199,37.22964735,-80.42661798,199,[None]
200,200,37.22613182,-80.42152292,200,[None]
201,201,37.22849822,-80.42264999,201,[None]
202,202,37.23029023,-80.42155045,202,[None]
203,203,37.22702995,-80.42468659,203,['GH110041.MP4-moviepy-20240508_145708/frame_1686343655_37.2270476_-80.4246255.jpg']
204,204,37.22719085,-80.42067103,204,['GH090041.MP4-moviepy-20240508_143554/frame_1686342516_37.2272115_-80.4207126.jpg']
205,205,37.22446055,-80.42030008,205,[None]
206,206,37.22791373,-80.42482095,206,['GH020042.MP4-moviepy-20240508_122528/frame_1686344701_37.2279211_-80.424834.jpg']
207,207,37.22586064,-80.41870809,207,['GH100041.MP4-moviepy-20240508_144629/frame_1686342720_37.2258766_-80.4186839.jpg']
208,208,37.22666162,-80.42006856,208,[None]
209,209,37.23189052,-80.41901329,209,[None]
210,210,37.22340662,-80.42541026,210,['GH010041.MP4-moviepy-20240508_115522/frame_1686337924_37.2233657_-80.4253622.jpg']
211,211,37.23043359,-80.4158143,211,[None]
212,212,37.22622313,-80.41909168,212,[None]
213,213,37.22990463,-80.42842157,213,['GH050041.MP4-moviepy-20240508_131929/frame_1686340075_37.2299002_-80.4284304.jpg']
214,214,37.22199208,-80.41894691,214,[None]
215,215,37.23060785,-80.41904746,215,[None]
216,216,37.20960366,-80.42366345,216,[None]
217,217,37.22456953,-80.42050587,217,['GH110041.MP4-moviepy-20240508_145708/frame_1686343180_37.2246304_-80.4205717.jpg']
218,218,37.23099826,-80.43292002,218,['GH040041.MP4-moviepy-20240508_125731/frame_1686339930_37.2309989_-80.4329139.jpg']
219,219,37.22472146,-80.41872574,219,['GH100041.MP4-moviepy-20240508_144629/frame_1686342931_37.2247062_-80.4187327.jpg']
220,220,37.22576458,-80.41908328,220,[None]
221,221,37.22759909,-80.41894093,221,[None]
222,222,37.22051636,-80.42513993,222,['GH010041.MP4-moviepy-20240508_115522/frame_1686338226_37.2204406_-80.4251197.jpg']
223,223,37.22240453,-80.42017301,223,['GH020041.MP4-moviepy-20240508_121516/frame_1686338371_37.2224607_-80.4203327.jpg']
224,224,37.22840382,-80.41735458,224,[None]
225,225,37.22252649,-80.42348341,225,['GH110041.MP4-moviepy-20240508_145708/frame_1686343427_37.2226449_-80.4234557.jpg']
226,226,37.22399633,-80.41774525,226,['GH020041.MP4-moviepy-20240508_121516/frame_1686338451_37.2241128_-80.4178887.jpg']
227,227,37.21730322,-80.41899665,227,['GH070041.MP4-moviepy-20240508_140126/frame_1686341104_37.2173214_-80.4189877.jpg']
228,228,37.22179339,-80.42280492,228,['GH110041.MP4-moviepy-20240508_145708/frame_1686343354_37.2218016_-80.4227949.jpg']
229,229,37.22798087,-80.41843043,229,[None]
230,230,37.23146807,-80.42313492,230,['GH030042.MP4-moviepy-20240508_124630/frame_1686345147_37.2314602_-80.4231177.jpg']
231,231,37.2315765,-80.424239,231,['GH030042.MP4-moviepy-20240508_124630/frame_1686345212_37.231422_-80.4242113.jpg']
232,232,37.21837031,-80.41922673,232,[None]
233,233,37.22220237,-80.42195156,233,[None]
234,234,37.22536994,-80.41816054,234,['GH100041.MP4-moviepy-20240508_144629/frame_1686342848_37.2253701_-80.4181476.jpg']
235,235,37.23089756,-80.4209231,235,['GH010042.MP4-moviepy-20240508_120507/frame_1686344258_37.2309163_-80.4208833.jpg']
236,236,37.22951886,-80.42642332,236,[None]
237,237,37.22762542,-80.41843737,237,['GH020041.MP4-moviepy-20240508_121516/frame_1686338623_37.227588_-80.4184501.jpg']
238,238,37.23129254,-80.42415795,238,['GH030042.MP4-moviepy-20240508_124630/frame_1686345201_37.2313421_-80.4241253.jpg']
239,239,37.22502181,-80.41816571,239,['GH100041.MP4-moviepy-20240508_144629/frame_1686342859_37.2250826_-80.418177.jpg']
240,240,37.22205345,-80.42395573,240,[None]
241,241,37.23025729,-80.41719926,241,[None]
242,242,37.22515873,-80.41993769,242,[None]
243,243,37.22440824,-80.42050406,243,[None]
244,244,37.22206694,-80.42246159,244,[None]
245,245,37.22620201,-80.41948879,245,[None]
246,246,37.23087073,-80.41763881,246,['GH030041.MP4-moviepy-20240508_123536/frame_1686339284_37.2308325_-80.4175997.jpg']
247,247,37.2253599,-80.41921269,247,['GH100041.MP4-moviepy-20240508_144629/frame_1686342979_37.2252793_-80.4193382.jpg']
248,248,37.22248008,-80.42088123,248,[None]
249,249,37.22563845,-80.41979492,249,['GH100041.MP4-moviepy-20240508_144629/frame_1686343058_37.2256232_-80.4198074.jpg']
250,250,37.23329148,-80.42486302,250,[None]
251,251,37.22578688,-80.42458298,251,['GH090041.MP4-moviepy-20240508_143554/frame_1686342302_37.2257871_-80.4245836.jpg']
252,252,37.22165095,-80.41962538,252,['GH080041.MP4-moviepy-20240508_142229/frame_1686341596_37.2217003_-80.41946.jpg']
253,253,37.223086,-80.42391668,253,['GH080041.MP4-moviepy-20240508_142229/frame_1686341995_37.2231689_-80.4238237.jpg']
254,254,37.22767168,-80.41867309,254,['GH020041.MP4-moviepy-20240508_121516/frame_1686338628_37.2275983_-80.4186109.jpg']
255,255,37.23009131,-80.42345551,255,['GH030042.MP4-moviepy-20240508_124630/frame_1686345049_37.2300754_-80.4234354.jpg']
256,256,37.22704868,-80.42067259,256,['GH090041.MP4-moviepy-20240508_143554/frame_1686342513_37.2271367_-80.4207778.jpg']
257,257,37.22539448,-80.41951036,257,['GH100041.MP4-moviepy-20240508_144629/frame_1686343068_37.2254468_-80.419533.jpg']
258,258,37.21938898,-80.42394625,258,[None]
259,259,37.21986881,-80.41302058,259,[None]
260,260,37.22166376,-80.4193499,260,['GH080041.MP4-moviepy-20240508_142229/frame_1686341594_37.2216382_-80.4194297.jpg']
261,261,37.22896168,-80.41605014,261,['GH020041.MP4-moviepy-20240508_121516/frame_1686338858_37.2289756_-80.4160597.jpg']
262,262,37.22857969,-80.4159738,262,[None]
263,263,37.22689478,-80.42005174,263,[None]
264,264,37.22695451,-80.42087685,264,['GH090041.MP4-moviepy-20240508_143554/frame_1686342506_37.2270482_-80.4209756.jpg']
265,265,37.22301777,-80.42265362,265,['GH080041.MP4-moviepy-20240508_142229/frame_1686342062_37.2230913_-80.4227144.jpg']
266,266,37.2320681,-80.4197658,266,[None]
267,267,37.2299844,-80.41936569,267,[None]
268,268,37.22751816,-80.41916194,268,['GH020041.MP4-moviepy-20240508_121516/frame_1686338682_37.2274413_-80.4192811.jpg']
269,269,37.23017466,-80.42353462,269,['GH030042.MP4-moviepy-20240508_124630/frame_1686345049_37.2300906_-80.4234193.jpg']
270,270,37.22460877,-80.41884683,270,['GH100041.MP4-moviepy-20240508_144629/frame_1686342936_37.2246138_-80.4188492.jpg']
271,271,37.21926664,-80.42579866,271,['GH060041.MP4-moviepy-20240508_134034/frame_1686340586_37.2192701_-80.4257869.jpg']
272,272,37.22926461,-80.41742327,272,['GH030041.MP4-moviepy-20240508_123536/frame_1686338980_37.229363_-80.4175691.jpg']
273,273,37.22264434,-80.42239721,273,[None]
274,274,37.23028747,-80.42229717,274,['GH040042.MP4-moviepy-20240508_130828/frame_1686345595_37.230308_-80.4223098.jpg']
275,275,37.23184384,-80.42542034,275,[None]
276,276,37.22181204,-80.4195476,276,['GH080041.MP4-moviepy-20240508_142229/frame_1686341600_37.2218221_-80.4195116.jpg']
277,277,37.22639817,-80.41722811,277,[None]
278,278,37.22218907,-80.41991391,278,['GH080041.MP4-moviepy-20240508_142229/frame_1686341613_37.2222523_-80.4197855.jpg']
279,279,37.22970838,-80.41664215,279,[None]
280,280,37.2191083,-80.41926124,280,['GH070041.MP4-moviepy-20240508_140126/frame_1686341406_37.2191079_-80.4192612.jpg']
281,281,37.23100684,-80.41669022,281,['GH030041.MP4-moviepy-20240508_123536/frame_1686339160_37.2309633_-80.4166765.jpg']
282,282,37.22301161,-80.42147131,282,['GH110041.MP4-moviepy-20240508_145708/frame_1686343261_37.2230122_-80.4214725.jpg']
283,283,37.22774222,-80.43809722,283,['GH050042.MP4-moviepy-20240508_133005/frame_1686346319_37.2277371_-80.4380859.jpg']
284,284,37.22995921,-80.42015565,284,['GH020042.MP4-moviepy-20240508_122528/frame_1686344464_37.2300457_-80.4200473.jpg']
285,285,37.22997804,-80.42384984,285,['GH030042.MP4-moviepy-20240508_124630/frame_1686345039_37.2299047_-80.4236724.jpg']
286,286,37.22407081,-80.43899001,286,[None]
287,287,37.22368481,-80.42954282,287,['GH060042.MP4-moviepy-20240508_135052/frame_1686346927_37.2236961_-80.4295387.jpg']
288,288,37.22019736,-80.42700369,288,['GH010041.MP4-moviepy-20240508_115522/frame_1686338162_37.2201774_-80.4269858.jpg']
289,289,37.21489638,-80.41858736,289,['GH060041.MP4-moviepy-20240508_134034/frame_1686340991_37.2149325_-80.4185396.jpg']
290,290,37.22010151,-80.41929252,290,[None]
291,291,37.21906971,-80.4164903,291,[None]
292,292,37.22542269,-80.42032612,292,['GH100041.MP4-moviepy-20240508_144629/frame_1686343107_37.2254563_-80.4203289.jpg']
293,293,37.2250408,-80.41951745,293,['GH100041.MP4-moviepy-20240508_144629/frame_1686342966_37.2250394_-80.4195241.jpg']
294,294,37.22471043,-80.42056818,294,['GH110041.MP4-moviepy-20240508_145708/frame_1686343176_37.2247127_-80.4205668.jpg']
295,295,37.22743638,-80.4385888,295,['GH050042.MP4-moviepy-20240508_133005/frame_1686346341_37.2274224_-80.4385187.jpg']
296,296,37.22338594,-80.42406014,296,['GH080042.MP4-moviepy-20240508_143302/frame_1686347652_37.2233909_-80.424038.jpg']
297,297,37.23126229,-80.41686701,297,['GH030041.MP4-moviepy-20240508_123536/frame_1686339262_37.2312741_-80.4168756.jpg']
298,298,37.22076647,-80.42752298,298,['GH010041.MP4-moviepy-20240508_115522/frame_1686338089_37.2209023_-80.4276583.jpg']
299,299,37.22500296,-80.42007048,299,['GH100041.MP4-moviepy-20240508_144629/frame_1686343019_37.2249973_-80.4200836.jpg']
